Frequency,Radial velocity,Data
1415405752.0,-1062.8567753026157,-71.80031883490449
1415415527.1710656,-1060.7936165488645,-71.82562002247008
1415425302.342131,-1058.7304577951636,-71.76735016395754
1415435077.5131965,-1056.6672990414124,-71.7641256007695
1415444852.684262,-1054.6041402876613,-71.76230898358037
1415454627.8553274,-1052.5409815339603,-71.75554359800346
1415464403.026393,-1050.4778227802092,-71.79610681386302
1415474178.1974585,-1048.4146640264578,-71.80863013414708
1415483953.3685238,-1046.351505272757,-71.75915411429214
1415493728.5395894,-1044.2883465190057,-71.66021842275403
1415503503.710655,-1042.2251877652545,-71.66435453114727
1415513278.8817205,-1040.1620290115034,-71.71665307342023
1415523054.0527859,-1038.0988702578024,-71.58525095449464
1415532829.2238514,-1036.0357115040513,-71.73165166418133
1415542604.394917,-1033.9725527502999,-71.73338327423193
1415552379.5659823,-1031.9093939965992,-71.79500214320896
1415562154.737048,-1029.8462352428478,-71.67526223927757
1415571929.9081135,-1027.7830764890966,-71.79607313260992
1415581705.0791788,-1025.7199177353957,-71.67847095335806
1415591480.2502444,-1023.6567589816444,-71.82319881050861
1415601255.42131,-1021.5936002278931,-71.81838313576053
1415611030.5923753,-1019.5304414741923,-71.84006257641711
1415620805.7634408,-1017.4672827204411,-71.70020806822788
1415630580.9345064,-1015.4041239666898,-71.84496998826204
1415640356.1055717,-1013.3409652129889,-71.86036230605905
1415650131.2766373,-1011.2778064592377,-71.84907597508585
1415659906.447703,-1009.2146477054865,-71.92121942948565
1415669681.6187682,-1007.1514889517855,-71.90547013712929
1415679456.7898338,-1005.0883301980344,-71.83433774480149
1415689231.9608994,-1003.0251714442832,-71.88318702374704
1415699007.131965,-1000.9620126905319,-71.93544310556912
1415708782.3030303,-998.898853936831,-72.04681117195224
1415718557.4740958,-996.8356951830798,-71.95129331457737
1415728332.6451614,-994.7725364293286,-72.01724289202518
1415738107.8162267,-992.7093776756276,-72.11166533024839
1415747882.9872923,-990.6462189218765,-72.0534750107974
1415757658.1583579,-988.5830601681253,-72.18961755260213
1415767433.3294232,-986.5199014144243,-72.17663398507713
1415777208.5004888,-984.4567426606732,-72.28387987304521
1415786983.6715543,-982.3935839069219,-72.29410341963336
1415796758.8426197,-980.330425153221,-72.24992979364107
1415806534.0136852,-978.2672663994697,-72.31884163134157
1415816309.1847508,-976.2041076457185,-72.290164581938
1415826084.3558161,-974.1409488920176,-72.39071568164445
1415835859.5268817,-972.0777901382663,-72.37981903041023
1415845634.6979473,-970.0146313845153,-72.40292111417153
1415855409.8690126,-967.9514726308144,-72.44177006671974
1415865185.0400782,-965.8883138770631,-72.3799079747427
1415874960.2111437,-963.8251551233119,-72.47626512760536
1415884735.3822093,-961.7619963695606,-72.40680102607519
1415894510.5532746,-959.6988376158597,-72.53351608023459
1415904285.7243402,-957.6356788621084,-72.48325979782139
1415914060.8954058,-955.5725201083574,-72.55254440115101
1415923836.066471,-953.5093613546563,-72.48706707083403
1415933611.2375367,-951.4462026009052,-72.57782736609124
1415943386.4086022,-949.383043847154,-72.57038323316391
1415953161.5796676,-947.3198850934531,-72.54047149130153
1415962936.7507331,-945.2567263397018,-72.44204557930631
1415972711.9217987,-943.1935675859505,-72.53919819264672
1415982487.092864,-941.1304088322497,-72.69962484185739
1415992262.2639296,-939.0672500784984,-72.41590345761688
1416002037.4349952,-937.0040913247473,-72.38141439796546
1416011812.6060605,-934.9409325710463,-72.13033454152315
1416021587.777126,-932.8777738172952,-72.64211881095076
1416031362.9481916,-930.8146150635439,-72.68029928380696
1416041138.119257,-928.7514563098431,-72.72661093339279
1416050913.2903225,-926.6882975560918,-72.43214424680461
1416060688.461388,-924.6251388023405,-72.6839611223856
1416070463.6324537,-922.5619800485892,-72.69736056252643
1416080238.803519,-920.4988212948884,-72.58113707071855
1416090013.9745846,-918.4356625411372,-72.68366874849634
1416099789.1456501,-916.372503787386,-72.64139501447033
1416109564.3167155,-914.3093450336852,-72.93917328749545
1416119339.487781,-912.2461862799339,-72.81584648673221
1416129114.6588466,-910.1830275261826,-72.74956344820717
1416138889.829912,-908.1198687724818,-72.69291134407423
1416148665.0009775,-906.0567100187305,-72.86155260085557
1416158440.172043,-903.9935512649793,-72.69083747612103
1416168215.3431084,-901.9303925112783,-72.62983484536501
1416177990.514174,-899.8672337575272,-72.75161420248382
1416187765.6852396,-897.804075003776,-72.8621737498404
1416197540.856305,-895.740916250075,-72.89182329201327
1416207316.0273705,-893.6777574963239,-72.83877764857027
1416217091.198436,-891.6145987425726,-72.9025131095496
1416226866.3695014,-889.5514399888717,-72.8404661231066
1416236641.540567,-887.4882812351206,-72.81123722620978
1416246416.7116325,-885.4251224813693,-72.96387961689237
1416256191.882698,-883.3619637276181,-72.89596538109014
1416265967.0537634,-881.2988049739171,-72.93105805018767
1416275742.224829,-879.235646220166,-72.94400649387207
1416285517.3958945,-877.1724874664147,-72.85544585805522
1416295292.5669599,-875.1093287127138,-72.94054768540627
1416305067.7380254,-873.0461699589627,-72.98115207880487
1416314842.909091,-870.9830112052114,-73.00631507813475
1416324618.0801563,-868.9198524515105,-72.96628656966857
1416334393.251222,-866.8566936977593,-72.7445258638478
1416344168.4222875,-864.7935349440081,-73.01720901121149
1416353943.5933528,-862.7303761903071,-72.98645342002142
1416363718.7644184,-860.6672174365558,-72.95388559689259
1416373493.935484,-858.6040586828047,-72.97069228859706
1416383269.1065493,-856.5408999291038,-73.06628938807307
1416393044.2776148,-854.4777411753525,-73.03168412864396
1416402819.4486804,-852.4145824216014,-72.96978166319298
1416412594.6197457,-850.3514236679005,-73.05592574526129
1416422369.7908113,-848.2882649141492,-72.9138424989546
1416432144.9618769,-846.2251061603979,-72.90195599556166
1416441920.1329424,-844.1619474066468,-72.96822503888006
1416451695.3040078,-842.0987886529458,-73.17477166273395
1416461470.4750733,-840.0356298991946,-73.1589493058852
1416471245.646139,-837.9724711454435,-73.19864790361069
1416481020.8172042,-835.9093123917426,-73.08831077470794
1416490795.9882698,-833.8461536379913,-72.99877429606244
1416500571.1593354,-831.7829948842401,-72.99529713126758
1416510346.3304007,-829.7198361305392,-72.89925596414078
1416520121.5014663,-827.6566773767879,-73.05059018944809
1416529896.6725318,-825.5935186230367,-73.06265236163738
1416539671.8435972,-823.5303598693358,-73.0025840266311
1416549447.0146627,-821.4672011155847,-73.07876361633646
1416559222.1857283,-819.4040423618334,-73.05152715217321
1416568997.3567936,-817.3408836081326,-73.00638981485113
1416578772.5278592,-815.2777248543813,-73.11715741507237
1416588547.6989248,-813.21456610063,-72.98789312478348
1416598322.86999,-811.1514073469292,-72.7639708684041
1416608098.0410557,-809.0882485931779,-73.0555904281629
1416617873.2121212,-807.0250898394266,-72.91812297324176
1416627648.3831868,-804.9619310856755,-73.0553413035162
1416637423.5542521,-802.8987723319747,-73.00192169107027
1416647198.7253177,-800.8356135782234,-73.08291744750163
1416656973.8963833,-798.7724548244721,-73.11208048487477
1416666749.0674486,-796.7092960707713,-73.1487718218437
1416676524.2385142,-794.64613731702,-73.09256588541076
1416686299.4095798,-792.5829785632687,-73.13223709783355
1416696074.580645,-790.5198198095679,-73.1104427294412
1416705849.7517107,-788.4566610558167,-73.0366501000549
1416715624.9227762,-786.3935023020655,-73.15193040619253
1416725400.0938416,-784.3303435483645,-73.17699865645554
1416735175.2649071,-782.2671847946134,-73.11684925078174
1416744950.4359727,-780.2040260408621,-72.71525879732043
1416754725.607038,-778.1408672871612,-71.58934590729368
1416764500.7781036,-776.07770853341,-73.28364036074531
1416774275.9491692,-774.0145497796588,-73.15696448214914
1416784051.1202345,-771.9513910259578,-73.24520532115616
1416793826.2913,-769.8882322722067,-73.34464028673526
1416803601.4623656,-767.8250735184555,-73.22978913478272
1416813376.6334312,-765.7619147647042,-73.35501763422576
1416823151.8044965,-763.6987560110033,-73.36257582984638
1416832926.975562,-761.6355972572521,-73.40514684835814
1416842702.1466277,-759.5724385035008,-73.21785806596503
1416852477.317693,-757.5092797497999,-73.23941052769615
1416862252.4887586,-755.4461209960488,-73.24529238291991
1416872027.6598241,-753.3829622422976,-73.46628022967279
1416881802.8308895,-751.3198034885966,-73.23203113540788
1416891578.001955,-749.2566447348453,-73.20574875079784
1416901353.1730206,-747.1934859810942,-73.2791571756986
1416911128.344086,-745.1303272273933,-73.00541894256399
1416920903.5151515,-743.067168473642,-73.10324626330802
1416930678.686217,-741.0040097198909,-73.01458660082069
1416940453.8572824,-738.9408509661899,-72.91207065627171
1416950229.028348,-736.8776922124387,-72.58014763099763
1416960004.1994135,-734.8145334586875,-72.29486078184627
1416969779.3704789,-732.7513747049866,-71.60765682926899
1416979554.5415444,-730.6882159512353,-70.40953962165075
1416989329.71261,-728.6250571974841,-67.0697579024668
1416999104.8836756,-726.561898443733,-54.27799752578234
1417008880.054741,-724.498739690032,-63.48823335216139
1417018655.2258065,-722.4355809362808,-69.11329784301698
1417028430.396872,-720.3724221825296,-71.12345581367305
1417038205.5679374,-718.3092634288287,-72.01721518387768
1417047980.739003,-716.2461046750774,-72.47128513142151
1417057755.9100685,-714.1829459213263,-72.85118605484163
1417067531.0811338,-712.1197871676253,-72.93963671903106
1417077306.2521994,-710.0566284138741,-73.01701931089846
1417087081.423265,-707.9934696601229,-72.78231637496559
1417096856.5943303,-705.930310906422,-73.21106339621112
1417106631.7653959,-703.8671521526708,-73.15127301062208
1417116406.9364614,-701.8039933989195,-73.2228181016386
1417126182.1075268,-699.7408346452187,-73.2049546695898
1417135957.2785923,-697.6776758914674,-73.1701381092895
1417145732.449658,-695.6145171377162,-73.1586900084976
1417155507.6207232,-693.5513583840153,-73.30492910513794
1417165282.7917888,-691.4881996302641,-73.19870880125936
1417175057.9628544,-689.4250408765129,-73.12314220094345
1417184833.13392,-687.3618821227616,-73.347907353425
1417194608.3049853,-685.2987233690608,-73.33210284954261
1417204383.4760509,-683.2355646153095,-73.24571352619857
1417214158.6471164,-681.1724058615582,-73.37812407005846
1417223933.8181818,-679.1092471078574,-73.35070351400142
1417233708.9892473,-677.0460883541061,-73.44714040751359
1417243484.160313,-674.982929600355,-73.30764352129003
1417253259.3313782,-672.9197708466542,-73.37912365148699
1417263034.5024438,-670.8566120929029,-73.4159183855066
1417272809.6735094,-668.7934533391516,-73.41582939279043
1417282584.8445747,-666.7302945854507,-73.48425268002573
1417292360.0156403,-664.6671358316995,-73.37046799341171
1417302135.1867058,-662.6039770779482,-73.41956713103308
1417311910.3577712,-660.5408183242473,-73.47130353911632
1417321685.5288367,-658.4776595704961,-73.50827792033743
1417331460.6999023,-656.414500816745,-73.43807797473525
1417341235.8709676,-654.351342063044,-73.36595890175941
1417351011.0420332,-652.2881833092928,-73.53527013237054
1417360786.2130988,-650.2250245555416,-73.44296492071855
1417370561.3841643,-648.1618658017903,-73.51676511839352
1417380336.5552297,-646.0987070480894,-73.51076601985585
1417390111.7262952,-644.0355482943382,-73.39306064987551
1417399886.8973608,-641.9723895405871,-73.44628148691022
1417409662.0684261,-639.909230786886,-73.44408864266023
1417419437.2394917,-637.846072033135,-73.44274937853173
1417429212.4105573,-635.7829132793837,-73.35540979783508
1417438987.5816226,-633.7197545256828,-73.52005907577917
1417448762.7526882,-631.6565957719315,-73.5330922814134
1417458537.9237537,-629.5934370181803,-73.39498312290266
1417468313.094819,-627.5302782644794,-73.4303548724683
1417478088.2658846,-625.4671195107281,-73.53650889554707
1417487863.4369502,-623.403960756977,-73.47623688064644
1417497638.6080155,-621.340802003276,-73.4045017829179
1417507413.779081,-619.2776432495248,-73.49031321947946
1417517188.9501467,-617.2144844957737,-73.58851375083435
1417526964.121212,-615.1513257420728,-73.47712814907223
1417536739.2922776,-613.0881669883215,-73.58121839708576
1417546514.4633431,-611.0250082345702,-73.46336324727845
1417556289.6344087,-608.9618494808191,-73.33641196638212
1417566064.805474,-606.8986907271182,-73.51330469718125
1417575839.9765396,-604.8355319733669,-73.4264676153646
1417585615.1476052,-602.7723732196158,-73.5126886880868
1417595390.3186705,-600.7092144659148,-73.4113001123728
1417605165.489736,-598.6460557121636,-73.52850002487983
1417614940.6608016,-596.5828969584124,-73.60865997259728
1417624715.831867,-594.5197382047115,-73.42266795617772
1417634491.0029325,-592.4565794509602,-73.47294221550433
1417644266.173998,-590.3934206972091,-73.41574770665083
1417654041.3450634,-588.3302619435082,-73.4489823578196
1417663816.516129,-586.2671031897569,-73.47781263934206
1417673591.6871946,-584.2039444360057,-73.52681016705033
1417683366.85826,-582.1407856823048,-73.50369054037975
1417693142.0293255,-580.0776269285536,-73.54217769952318
1417702917.200391,-578.0144681748023,-73.42755626948068
1417712692.3714564,-575.9513094211014,-73.44997850482295
1417722467.542522,-573.8881506673503,-73.42373466744125
1417732242.7135875,-571.824991913599,-73.5136139629003
1417742017.884653,-569.7618331598478,-73.37408721622589
1417751793.0557184,-567.6986744061469,-73.47346579917065
1417761568.226784,-565.6355156523956,-73.40946788795954
1417771343.3978496,-563.5723568986444,-73.45411299449205
1417781118.568915,-561.5091981449435,-73.46453147749615
1417790893.7399805,-559.4460393911924,-73.38165466176417
1417800668.911046,-557.3828806374411,-73.48928723575624
1417810444.0821114,-555.3197218837402,-73.40959684442213
1417820219.253177,-553.256563129989,-73.42954829267809
1417829994.4242425,-551.1934043762377,-73.48803387641513
1417839769.5953078,-549.1302456225369,-73.20426636757044
1417849544.7663734,-547.0670868687856,-73.41297953764074
1417859319.937439,-545.0039281150345,-73.32296071683092
1417869095.1085043,-542.9407693613335,-73.40393271685345
1417878870.2795699,-540.8776106075823,-73.35096259123752
1417888645.4506354,-538.8144518538311,-73.35805336032865
1417898420.6217008,-536.7512931001302,-73.23582179278952
1417908195.7927663,-534.688134346379,-73.27804721615075
1417917970.963832,-532.6249755926277,-73.24960507009042
1417927746.1348975,-530.5618168388766,-73.08005298380539
1417937521.3059628,-528.4986580851756,-73.29957218399204
1417947296.4770284,-526.4354993314244,-73.24480634798361
1417957071.648094,-524.3723405776732,-73.14565169016147
1417966846.8191593,-522.3091818239723,-73.1493232338959
1417976621.9902248,-520.246023070221,-73.1847430173609
1417986397.1612904,-518.1828643164698,-73.14473374429889
1417996172.3323557,-516.1197055627689,-73.17905831985169
1418005947.5034213,-514.0565468090177,-73.11784974071247
1418015722.6744869,-511.9933880552665,-73.05539642066955
1418025497.8455522,-509.93022930156565,-73.02966824673253
1418035273.0166178,-507.8670705478144,-73.19292265636452
1418045048.1876833,-505.8039117940632,-73.10776922586852
1418054823.3587487,-503.7407530403623,-73.0997026599089
1418064598.5298142,-501.67759428661105,-73.09260028522723
1418074373.7008798,-499.61443553285983,-73.06640640661739
1418084148.8719451,-497.55127677915897,-73.04953404916368
1418093924.0430107,-495.4881180254077,-72.98003145650387
1418103699.2140763,-493.4249592716565,-73.27309408099109
1418113474.3851418,-491.36180051790524,-73.10558295826364
1418123249.5562072,-489.2986417642044,-73.11683455204489
1418133024.7272727,-487.23548301045315,-73.1168461313782
1418142799.8983383,-485.1723242567019,-73.01725702459004
1418152575.0694036,-483.10916550300107,-73.16391983570131
1418162350.2404692,-481.0460067492498,-73.090550040229
1418172125.4115348,-478.9828479954986,-73.22904507389248
1418181900.5826,-476.9196892417977,-73.15670087929155
1418191675.7536657,-474.8565304880465,-73.17085844244454
1418201450.9247313,-472.79337173429525,-73.34444660886888
1418211226.0957966,-470.73021298059433,-73.00286659453425
1418221001.2668622,-468.6670542268431,-73.23319992288974
1418230776.4379277,-466.60389547309194,-73.24284928063689
1418240551.608993,-464.54073671939096,-73.29610092411659
1418250326.7800586,-462.4775779656398,-73.31971639961954
1418260101.9511242,-460.4144192118885,-73.31061419615048
1418269877.1221895,-458.35126045818765,-73.29388867197663
1418279652.293255,-456.2881017044365,-73.44704536337167
1418289427.4643207,-454.2249429506852,-73.38604237731603
1418299202.6353862,-452.16178419693404,-73.39495443771813
1418308977.8064516,-450.09862544323306,-73.29750174834376
1418318752.9775171,-448.0354666894819,-73.59257806006818
1418328528.1485827,-445.9723079357306,-73.52202951255008
1418338303.319648,-443.90914918202975,-73.59138920832136
1418348078.4907136,-441.8459904282785,-73.53305919163107
1418357853.6617792,-439.7828316745273,-73.54322700405204
1418367628.8328445,-437.7196729208264,-73.5319189455616
1418377404.00391,-435.65651416707516,-73.61994733727146
1418387179.1749756,-433.59335541332393,-73.59025773432187
1418396954.346041,-431.5301966596231,-73.54558166691287
1418406729.5171065,-429.4670379058718,-73.5897564921222
1418416504.688172,-427.4038791521206,-73.54296941040704
1418426279.8592374,-425.3407203984197,-73.64107871130193
1418436055.030303,-423.2775616446685,-73.60613406728339
1418445830.2013686,-421.2144028909173,-73.63586197644548
1418455605.372434,-419.15124413721634,-73.66722528529678
1418465380.5434995,-417.08808538346517,-73.61114873285001
1418475155.714565,-415.0249266297139,-73.62294764504304
1418484930.8856306,-412.9617678759627,-73.70882999145452
1418494706.056696,-410.8986091222618,-73.64195905569481
1418504481.2277615,-408.8354503685106,-73.62299305941255
1418514256.398827,-406.77229161475935,-73.49573807115863
1418524031.5698924,-404.70913286105844,-73.50248350568725
1418533806.740958,-402.6459741073072,-73.56205286685544
1418543581.9120235,-400.58281535355604,-73.47184450035691
1418553357.0830889,-398.5196565998551,-73.52092219178707
1418563132.2541544,-396.4564978461039,-73.56311554041457
1418572907.42522,-394.3933390923527,-73.4291768011213
1418582682.5962853,-392.33018033865176,-73.28367628951884
1418592457.767351,-390.2670215849006,-73.51074294320026
1418602232.9384165,-388.2038628311493,-73.48328777897736
1418612008.1094818,-386.14070407744845,-73.46528413111307
1418621783.2805474,-384.07754532369717,-73.39100967766353
1418631558.451613,-382.014386569946,-73.47204883214694
1418641333.6226783,-379.95122781624514,-73.41402732790539
1418651108.7937438,-377.88806906249386,-73.28745114767253
1418660883.9648094,-375.8249103087427,-73.40151679235214
1418670659.135875,-373.7617515549914,-73.40620011821883
1418680434.3069403,-371.69859280129054,-73.200600635683
1418690209.478006,-369.6354340475393,-73.30900887048442
1418699984.6490715,-367.5722752937881,-73.31143768810657
1418709759.8201368,-365.5091165400872,-73.29149393405531
1418719534.9912024,-363.44595778633595,-73.37421408914389
1418729310.162268,-361.3827990325847,-73.26403957767981
1418739085.3333333,-359.31964027888387,-73.29239591711095
1418748860.5043988,-357.2564815251326,-73.18762126448534
1418758635.6754644,-355.1933227713814,-73.34515984274142
1418768410.8465297,-353.13016401768044,-73.22327770036001
1418778186.0175953,-351.0670052639293,-73.28796878087023
1418787961.1886609,-349.003846510178,-73.35292866874732
1418797736.3597262,-346.94068775647713,-73.3613360262204
1418807511.5307918,-344.87752900272596,-73.29521471240012
1418817286.7018573,-342.8143702489747,-73.39922246505651
1418827061.8729227,-340.7512114952738,-73.49547218892224
1418836837.0439882,-338.68805274152254,-73.46373440711875
1418846612.2150538,-336.6248939877714,-73.40327725812897
1418856387.3861194,-334.56173523402015,-73.56762161306796
1418866162.5571847,-332.49857648031923,-73.42564793473026
1418875937.7282503,-330.435417726568,-73.60806155854448
1418885712.8993158,-328.3722589728168,-73.49402476339031
1418895488.0703812,-326.30910021911586,-73.52649576610352
1418905263.2414467,-324.2459414653647,-73.56338057786203
1418915038.4125123,-322.1827827116134,-73.36405602429187
1418924813.5835776,-320.11962395791255,-73.4930795066052
1418934588.7546432,-318.05646520416127,-73.64084595750822
1418944363.9257088,-315.9933064504101,-73.22026140998689
1418954139.096774,-313.93014769670924,-73.50463196771588
1418963914.2678397,-311.86698894295796,-73.5879201390806
1418973689.4389052,-309.8038301892068,-73.46362438307983
1418983464.6099706,-307.7406714355058,-73.17056697550176
1418993239.7810361,-305.67751268175465,-72.97827611968953
1419003014.9521017,-303.6143539280034,-73.30904057704348
1419012790.123167,-301.5511951743025,-73.04266717487212
1419022565.2942326,-299.4880364205513,-73.20634453654363
1419032340.4652982,-297.42487766680006,-73.39425536286237
1419042115.6363637,-295.36171891304883,-73.54053725954864
1419051890.807429,-293.29856015934797,-73.33056999835796
1419061665.9784946,-291.23540140559675,-73.51283650445052
1419071441.1495602,-289.17224265184547,-73.56506455120066
1419081216.3206255,-287.1090838981446,-73.48096649424919
1419090991.491691,-285.0459251443934,-73.57477943814683
1419100766.6627567,-282.98276639064215,-73.55548255500075
1419110541.833822,-280.91960763694124,-73.55965746204559
1419120317.0048876,-278.85644888319,-73.45778114630284
1419130092.1759531,-276.79329012943884,-73.44212175748275
1419139867.3470185,-274.7301313757379,-73.6164253501359
1419149642.518084,-272.6669726219867,-73.33397603047351
1419159417.6891496,-270.6038138682355,-73.5409266093563
1419169192.860215,-268.54065511453456,-73.4377405305205
1419178968.0312805,-266.4774963607834,-73.39243625298718
1419188743.202346,-264.41433760703217,-73.45762290065548
1419198518.3734114,-262.3511788533312,-73.35137591064046
1419208293.544477,-260.28802009957997,-73.21754386439176
1419218068.7155426,-258.22486134582874,-73.31576430251498
1419227843.8866081,-256.1617025920775,-73.27195819438208
1419237619.0576735,-254.09854383837668,-73.28175822765624
1419247394.228739,-252.03538508462546,-73.34499850912843
1419257169.3998046,-249.9722263308742,-73.48735146086484
1419266944.57087,-247.90906757717332,-73.5172653381899
1419276719.7419355,-245.8459088234221,-73.41831013245287
1419286494.913001,-243.7827500696709,-73.2903142720151
1419296270.0840664,-241.71959131596998,-73.39238558635928
1419306045.255132,-239.65643256221875,-73.31760986927644
1419315820.4261975,-237.59327380846753,-73.44046178950592
1419325595.5972629,-235.5301150547666,-73.44677367626149
1419335370.7683284,-233.46695630101541,-73.51613443506682
1419345145.939394,-231.4037975472642,-73.62592040507481
1419354921.1104593,-229.34063879356327,-73.44725305321734
1419364696.281525,-227.27748003981205,-73.56466939599126
1419374471.4525905,-225.21432128606082,-73.43434734204459
1419384246.6236558,-223.15116253235996,-73.57746197288272
1419394021.7947214,-221.08800377860874,-73.54315939503661
1419403796.965787,-219.0248450248575,-73.51341920601111
1419413572.1368525,-216.9616862711063,-73.51707962415962
1419423347.3079178,-214.89852751740537,-73.56401160782389
1419433122.4789834,-212.83536876365417,-73.44706939048228
1419442897.650049,-210.77221000990295,-73.56848841167374
1419452672.8211143,-208.70905125620203,-73.49809910874907
1419462447.9921799,-206.6458925024508,-73.68483686720461
1419472223.1632454,-204.58273374869958,-73.68554481116904
1419481998.3343108,-202.51957499499872,-73.70283900527991
1419491773.5053763,-200.45641624124747,-73.60185520308042
1419501548.676442,-198.39325748749624,-73.68868340252652
1419511323.8475072,-196.33009873379535,-73.6963915763076
1419521099.0185728,-194.26693998004413,-73.63181325907767
1419530874.1896384,-192.2037812262929,-73.57564099161812
1419540649.3607037,-190.140622472592,-73.58442135935394
1419550424.5317693,-188.0774637188408,-73.61245420796276
1419560199.7028348,-186.01430496508956,-73.62941554072754
1419569974.8739002,-183.95114621138865,-73.68964103196258
1419579750.0449657,-181.88798745763742,-73.49666142544197
1419589525.2160313,-179.82482870388623,-73.6357332516609
1419599300.387097,-177.761669950135,-73.50115494463587
1419609075.5581622,-175.69851119643408,-73.65147402436061
1419618850.7292278,-173.63535244268286,-73.32838614150643
1419628625.9002934,-171.57219368893163,-73.64238171269821
1419638401.0713587,-169.50903493523077,-73.67891259579538
1419648176.2424242,-167.44587618147955,-73.59820488230494
1419657951.4134898,-165.38271742772832,-73.62657647559354
1419667726.5845551,-163.3195586740274,-73.70018407093787
1419677501.7556207,-161.25639992027618,-73.58485831751015
1419687276.9266863,-159.19324116652496,-73.53683986652266
1419697052.0977516,-157.13008241282407,-73.54323994688065
1419706827.2688172,-155.06692365907284,-73.528347415624
1419716602.4398828,-153.00376490532162,-73.43203981796984
1419726377.610948,-150.94060615162073,-73.61643875850564
1419736152.7820137,-148.8774473978695,-73.64149279571252
1419745927.9530792,-146.81428864411828,-73.5351638187937
1419755703.1241446,-144.7511298904174,-73.6033898365198
1419765478.2952101,-142.68797113666616,-73.56494904215742
1419775253.4662757,-140.62481238291494,-73.65616573525035
1419785028.6373413,-138.56165362916371,-73.58210565675259
1419794803.8084066,-136.4984948754628,-73.68780078845548
1419804578.9794722,-134.4353361217116,-73.62540803043059
1419814354.1505377,-132.37217736796038,-73.55103346165063
1419824129.321603,-130.30901861425946,-73.58836846995086
1419833904.4926686,-128.24585986050823,-73.603261931169
1419843679.6637342,-126.18270110675702,-73.59012676739255
1419853454.8347995,-124.11954235305613,-73.70773390287425
1419863230.005865,-122.05638359930491,-73.7530479998373
1419873005.1769307,-119.99322484555368,-73.76699192109812
1419882780.347996,-117.93006609185278,-73.69250392603925
1419892555.5190616,-115.86690733810156,-73.7152592738866
1419902330.6901271,-113.80374858435033,-73.64328157085129
1419912105.8611925,-111.74058983064944,-73.77587694948807
1419921881.032258,-109.67743107689822,-73.6790132955796
1419931656.2033236,-107.61427232314698,-73.81878023469609
1419941431.3743892,-105.55111356939577,-73.72286062402776
1419951206.5454545,-103.48795481569486,-73.65537008752352
1419960981.71652,-101.42479606194365,-73.78415138987916
1419970756.8875856,-99.36163730819243,-73.6855576961939
1419980532.058651,-97.29847855449151,-73.6181740783435
1419990307.2297165,-95.23531980074031,-73.4327926414088
1420000082.400782,-93.17216104698907,-71.26816756224594
1420009857.5718474,-91.10900229328819,-71.91769663658063
1420019632.742913,-89.04584353953696,-73.01958908448532
1420029407.9139786,-86.98268478578574,-73.5242335334639
1420039183.085044,-84.91952603208485,-73.5624901268167
1420048958.2561095,-82.85636727833361,-73.57109044153665
1420058733.427175,-80.79320852458238,-73.67632027401667
1420068508.5982404,-78.7300497708815,-73.65028605003022
1420078283.769306,-76.66689101713028,-73.60199801324308
1420088058.9403715,-74.60373226337904,-73.39863035856757
1420097834.1114368,-72.54057350967815,-73.52881913333601
1420107609.2825024,-70.47741475592693,-73.63024604376747
1420117384.453568,-68.4142560021757,-73.61395424228402
1420127159.6246333,-66.3510972484748,-73.56102438202635
1420136934.795699,-64.28793849472358,-73.53332454699817
1420146709.9667645,-62.22477974097236,-73.55671919253805
1420156485.13783,-60.161620987221134,-73.65372665088711
1420166260.3088953,-58.09846223352023,-73.55548627286326
1420176035.479961,-56.03530347976901,-73.52885460011579
1420185810.6510265,-53.972144726017795,-73.4645087798138
1420195585.8220918,-51.90898597231689,-73.45697341548752
1420205360.9931574,-49.84582721856567,-73.5217027185463
1420215136.164223,-47.78266846481445,-73.51498846076025
1420224911.3352883,-45.719509711113545,-73.4888902964976
1420234686.5063539,-43.65635095736232,-73.44043693702156
1420244461.6774194,-41.5931922036111,-73.41132704831806
1420254236.8484848,-39.530033449910206,-73.41106691655065
1420264012.0195503,-37.46687469615898,-73.42506981872073
1420273787.190616,-35.40371594240776,-73.44259633697278
1420283562.3616812,-33.34055718870686,-73.43225206666352
1420293337.5327468,-31.27739843495564,-73.38497903703177
1420303112.7038124,-29.21423968120442,-73.35675760916048
1420312887.874878,-27.151080927453197,-73.4450486272617
1420322663.0459433,-25.087922173752297,-73.23139947929708
1420332438.2170088,-23.024763420001072,-73.4993670334513
1420342213.3880744,-20.96160466624985,-73.52050907826407
1420351988.5591397,-18.89844591254895,-73.46083063423828
1420361763.7302053,-16.83528715879773,-73.51178175461376
1420371538.9012709,-14.772128405046509,-73.34327221969029
1420381314.0723362,-12.708969651345607,-73.4170357347194
1420391089.2434018,-10.645810897594385,-73.34316555188553
1420400864.4144673,-8.582652143843164,-73.29184831413154
1420410639.5855327,-6.519493390142263,-44.6097250678173
1420420414.7565982,-4.456334636391041,-73.27487598260288
1420430189.9276638,-2.39317588263982,-73.39040701221728
1420439965.0987291,-0.3300171289389189,-73.61724857758536
1420449740.2697947,1.7331416248123022,-73.45220194509919
1420459515.4408603,3.796300378563525,-73.29387959783331
1420469290.6119256,5.859459132264425,-73.41029660054352
1420479065.7829912,7.922617886015646,-73.54002190684602
1420488840.9540567,9.985776639766868,-73.5896816433044
1420498616.1251223,12.04893539351809,-73.58205760057704
1420508391.2961876,14.11209414721899,-73.51328960878587
1420518166.4672532,16.17525290097021,-73.47563001079321
1420527941.6383188,18.238411654721435,-73.4800682954999
1420537716.809384,20.301570408422332,-73.5613303116446
1420547491.9804497,22.364729162173553,-73.55103900710546
1420557267.1515152,24.427887915924778,-73.27026046245483
1420567042.3225806,26.49104666962568,-73.47895632566366
1420576817.4936461,28.554205423376896,-73.42323672678444
1420586592.6647117,30.61736417712812,-73.51043626678359
1420596367.835777,32.68052293082903,-73.56524866836315
1420606143.0068426,34.743681684580245,-73.39078438153182
1420615918.1779082,36.80684043833147,-73.40410264704795
1420625693.3489735,38.869999192032374,-73.50730543881768
1420635468.520039,40.93315794578359,-73.50568795046026
1420645243.6911047,42.99631669953481,-73.31808583744706
1420655018.86217,45.05947545323571,-73.39521629775263
1420664794.0332355,47.12263420698694,-73.54815613332909
1420674569.204301,49.185792960738155,-73.48176256040867
1420684344.3753667,51.24895171448938,-73.51957516792197
1420694119.546432,53.312110468190276,-73.44531059835742
1420703894.7174976,55.3752692219415,-73.32774993862506
1420713669.8885632,57.438427975692726,-73.32436003464964
1420723445.0596285,59.501586729393615,-73.46552217296383
1420733220.230694,61.564745483144854,-73.40228608823104
1420742995.4017596,63.627904236896065,-73.41911742778495
1420752770.572825,65.69106299059695,-73.35655716659565
1420762545.7438905,67.75422174434817,-73.41780185125347
1420772320.914956,69.81738049809941,-73.47697053873753
1420782096.0860214,71.8805392518003,-73.42477871682252
1420791871.257087,73.94369800555152,-73.39708894931914
1420801646.4281526,76.00685675930275,-73.4189331353803
1420811421.599218,78.07001551300364,-73.3926214099198
1420821196.7702835,80.13317426675488,-73.41388289778718
1420830971.941349,82.19633302050607,-73.30408993311066
1420840747.1124144,84.25949177420699,-73.30874091627987
1420850522.28348,86.32265052795822,-73.38707988013746
1420860297.4545455,88.38580928170943,-73.32639796936016
1420870072.625611,90.44896803546065,-73.5498906637501
1420879847.7966764,92.51212678916154,-73.42642892121451
1420889622.967742,94.57528554291278,-73.44906470574888
1420899398.1388075,96.638444296664,-73.33548885857076
1420909173.3098729,98.7016030503649,-73.32242495757657
1420918948.4809384,100.76476180411612,-73.39737673133794
1420928723.652004,102.82792055786734,-73.31350626420927
1420938498.8230693,104.89107931156825,-73.34961024327038
1420948273.994135,106.95423806531947,-73.42196947036597
1420958049.1652005,109.0173968190707,-73.48628397341483
1420967824.3362658,111.08055557277159,-73.41517098187191
1420977599.5073314,113.14371432652281,-73.24468501482873
1420987374.678397,115.20687308027402,-73.05300863213519
1420997149.8494623,117.27003183397494,-73.2008575310249
1421006925.0205278,119.33319058772616,-73.22076082339396
1421016700.1915934,121.39634934147736,-72.99322104056556
1421026475.3626587,123.45950809517828,-73.1300647629951
1421036250.5337243,125.5226668489295,-73.50045251101946
1421046025.7047899,127.58582560268073,-73.4742769459319
1421055800.8758554,129.64898435643195,-73.43178507583248
1421065576.0469208,131.71214311013284,-73.44976759774363
1421075351.2179863,133.77530186388407,-73.56391371587247
1421085126.389052,135.8384606176353,-73.5859629994304
1421094901.5601172,137.90161937133618,-73.5934423729665
1421104676.7311828,139.9647781250874,-73.57253552950033
1421114451.9022484,142.02793687883863,-73.54665572566773
1421124227.0733137,144.09109563253952,-73.39561455751883
1421134002.2443793,146.15425438629075,-73.55363158441742
1421143777.4154449,148.21741314004197,-73.58704313306427
1421153552.5865102,150.2805718937429,-73.42011286867573
1421163327.7575758,152.3437306474941,-73.52612171641115
1421173102.9286413,154.40688940124534,-73.60403538635894
1421182878.0997066,156.4700481549462,-73.49931518405752
1421192653.2707722,158.53320690869742,-73.49284399040843
1421202428.4418378,160.59636566244865,-73.46308572106362
1421212203.612903,162.65952441614957,-73.55944596583632
1421221978.7839687,164.7226831699008,-73.4313836005549
1421231753.9550343,166.785841923652,-73.57613070030725
1421241529.1260998,168.8490006774032,-73.53231038817687
1421251304.2971652,170.91215943110413,-73.60887826093067
1421261079.4682307,172.97531818485535,-73.5577714379015
1421270854.6392963,175.03847693860658,-73.61190027403127
1421280629.8103616,177.10163569230747,-73.62065291306546
1421290404.9814272,179.1647944460587,-73.5371433829468
1421300180.1524928,181.22795319980992,-73.5318947935343
1421309955.323558,183.2911119535108,-73.50736623321697
1421319730.4946237,185.35427070726203,-73.56849059151712
1421329505.6656892,187.41742946101328,-73.53310646923767
1421339280.8367546,189.48058821471415,-73.53710459312624
1421349056.0078201,191.54374696846537,-73.54910736291042
1421358831.1788857,193.6069057222166,-73.50379424544623
1421368606.349951,195.6700644759175,-73.43893037360314
1421378381.5210166,197.73322322966874,-73.53390651453837
1421388156.6920822,199.79638198341993,-73.4932788956082
1421397931.8631475,201.85954073712085,-73.44274967981693
1421407707.034213,203.92269949087208,-73.55685402802362
1421417482.2052786,205.9858582446233,-73.55326921255694
1421427257.3763442,208.04901699837453,-73.57529983125312
1421437032.5474095,210.1121757520754,-73.43795708450864
1421446807.718475,212.1753345058266,-73.5870213075607
1421456582.8895407,214.23849325957784,-73.45981339766534
1421466358.060606,216.30165201327875,-73.5426378752335
1421476133.2316716,218.36481076702998,-73.53392295611748
1421485908.4027371,220.42796952078118,-73.6219793133242
1421495683.5738025,222.4911282744821,-73.4146416055866
1421505458.744868,224.55428702823332,-73.55895023428319
1421515233.9159336,226.61744578198454,-73.55421823765845
1421525009.086999,228.68060453568546,-73.55552659294936
1421534784.2580645,230.74376328943666,-73.59891865348573
1421544559.42913,232.80692204318788,-73.58659138209468
1421554334.6001954,234.87008079688877,-73.5746405010519
1421564109.771261,236.93323955064002,-73.52446748602495
1421573884.9423265,238.99639830439125,-73.56748966399874
1421583660.1133919,241.0595570580921,-73.56157438459392
1421593435.2844574,243.12271581184334,-73.65968044460278
1421603210.455523,245.18587456559456,-73.59216793597611
1421612985.6265886,247.24903331934578,-73.70251540202985
1421622760.797654,249.31219207304673,-73.67425628054637
1421632535.9687195,251.37535082679796,-73.68468174555552
1421642311.139785,253.43850958054912,-73.58719578238512
1421652086.3108504,255.50166833425004,-73.73764038049833
1421661861.481916,257.56482708800127,-73.76613592630372
1421671636.6529815,259.6279858417525,-73.62621215898372
1421681411.8240469,261.6911445954534,-73.55300653829717
1421691186.9951124,263.7543033492046,-73.66042806779562
1421700962.166178,265.8174621029558,-73.75978525197164
1421710737.3372433,267.8806208566567,-73.67780347214138
1421720512.508309,269.94377961040794,-73.77232241965874
1421730287.6793745,272.00693836415917,-73.70490355896592
1421740062.8504398,274.07009711786003,-73.77136888192547
1421749838.0215054,276.1332558716113,-73.68561555646242
1421759613.192571,278.19641462536254,-73.61099506650785
1421769388.3636363,280.2595733790634,-73.61140194854698
1421779163.5347018,282.3227321328146,-73.63110876394958
1421788938.7057674,284.38589088656585,-73.64504905556353
1421798713.876833,286.44904964031707,-73.78415017453
1421808489.0478983,288.512208394018,-73.77153376036114
1421818264.2189639,290.5753671477692,-73.74149493133605
1421828039.3900294,292.6385259015204,-73.6609234624084
1421837814.5610948,294.70168465522136,-73.68014186620749
1421847589.7321603,296.7648434089725,-73.71535565267932
1421857364.903226,298.8280021627238,-73.58063268462672
1421867140.0742912,300.89116091642467,-73.60704496328815
1421876915.2453568,302.95431967017583,-73.59685822628313
1421886690.4164224,305.0174784239271,-73.72163897879912
1421896465.5874877,307.080637177628,-73.64803730508571
1421906240.7585533,309.14379593137926,-73.78442852994316
1421916015.9296188,311.2069546851304,-73.70924823389359
1421925791.1006842,313.27011343883134,-73.81027476776359
1421935566.2717497,315.33327219258257,-73.70782149980815
1421945341.4428153,317.3964309463338,-73.67300387939608
1421955116.6138806,319.4595897000347,-73.72678102779258
1421964891.7849462,321.52274845378594,-73.56413752985539
1421974666.9560118,323.5859072075371,-73.78351246336203
1421984442.1270773,325.6490659612884,-73.70523948847509
1421994217.2981427,327.71222471498925,-73.79680407553526
1422003992.4692082,329.77538346874053,-73.70466991794586
1422013767.6402738,331.8385422224917,-73.78377223825308
1422023542.8113391,333.90170097619256,-73.71604341696647
1422033317.9824047,335.96485972994384,-73.71583333032291
1422043093.1534703,338.028018483695,-73.77172686915577
1422052868.3245356,340.091177237396,-73.57015811604117
1422062643.4956012,342.15433599114715,-73.62464635055831
1422072418.6666667,344.21749474489843,-73.8647651251139
1422082193.837732,346.2806534985993,-73.72106044634174
1422091969.0087976,348.3438122523505,-73.83617555539506
1422101744.1798632,350.40697100610174,-73.71633493110308
1422111519.3509285,352.47012975980266,-73.81920879772652
1422121294.521994,354.5332885135539,-73.78944755065626
1422131069.6930597,356.5964472673051,-73.84758213308983
1422140844.864125,358.65960602100597,-73.74888214614967
1422150620.0351906,360.72276477475725,-73.69955350223475
1422160395.2062562,362.7859235285084,-73.69760949896806
1422170170.3773217,364.8490822822597,-73.6982033805339
1422179945.548387,366.91224103596056,-73.83200292015692
1422189720.7194526,368.97539978971173,-73.76130948490206
1422199495.8905182,371.038558543463,-73.73161859458466
1422209271.0615835,373.1017172971639,-73.79978361079398
1422219046.232649,375.16487605091515,-73.69126733019822
1422228821.4037147,377.2280348046663,-73.71834073008263
1422238596.57478,379.29119355836724,-73.71564962269643
1422248371.7458456,381.35435231211846,-73.71612132845867
1422258146.9169111,383.4175110658697,-73.7609396846845
1422267922.0879765,385.4806698195706,-73.7207236631214
1422277697.259042,387.5438285733218,-73.74328704454987
1422287472.4301076,389.606987327073,-73.7572107036887
1422297247.601173,391.6701460807739,-73.78351662515777
1422307022.7722385,393.73330483452514,-73.63203124381522
1422316797.943304,395.79646358827637,-73.74184089801805
1422326573.1143694,397.8596223419773,-73.77749252640106
1422336348.285435,399.92278109572845,-73.78581759197692
1422346123.4565005,401.98593984947973,-73.6782538614232
1422355898.627566,404.0490986032309,-73.56771426444145
1422365673.7986314,406.1122573569319,-73.6459643240667
1422375448.969697,408.17541611068305,-73.68833181780404
1422385224.1407626,410.23857486443427,-73.75382167098013
1422394999.311828,412.3017336181352,-73.66893700834036
1422404774.4828935,414.36489237188636,-73.63844221256103
1422414549.653959,416.42805112563764,-73.71134818850386
1422424324.8250244,418.4912098793385,-73.76036735364701
1422434099.99609,420.5543686330897,-73.76146530049672
1422443875.1671555,422.61752738684095,-73.8650100196164
1422453650.3382208,424.68068614054187,-73.67031297352854
1422463425.5092864,426.7438448942931,-73.65692924240764
1422473200.680352,428.8070036480443,-73.83337680621294
1422482975.8514173,430.8701624017452,-73.59741098290539
1422492751.0224829,432.93332115549646,-73.72130771414943
1422502526.1935484,434.9964799092476,-73.61620756098924
1422512301.3646138,437.0596386629486,-73.79535508860545
1422522076.5356793,439.12279741669977,-73.62339581341662
1422531851.706745,441.18595617045105,-73.52397880006276
1422541626.8778105,443.2491149242022,-73.65414141286169
1422551402.0488758,445.3122736779031,-73.70659207324724
1422561177.2199414,447.37543243165436,-73.6808405384165
1422570952.391007,449.4385911854055,-73.71924459557913
1422580727.5620723,451.5017499391065,-73.75538121084634
1422590502.7331378,453.56490869285767,-73.62688807041353
1422600277.9042034,455.6280674466089,-73.67129468468978
1422610053.0752687,457.6912262003098,-73.59083079789463
1422619828.2463343,459.75438495406104,-73.38027715896762
1422629603.4174,461.81754370781226,-73.61582370831346
1422639378.5884652,463.8807024615132,-73.72127174015417
1422649153.7595308,465.94386121526435,-73.72662869828352
1422658928.9305964,468.00701996901563,-73.5936861776014
1422668704.1016617,470.0701787227165,-73.56173188206877
1422678479.2727273,472.1333374764677,-73.61517870519152
1422688254.4437928,474.19649623021894,-73.53619397530841
1422698029.6148582,476.2596549839198,-73.47561105338458
1422707804.7859237,478.3228137376711,-73.62886277221207
1422717579.9569893,480.38597249142225,-73.27812787100889
1422727355.1280549,482.44913124517353,-73.44152075934227
1422737130.2991202,484.5122899988744,-73.36233173396894
1422746905.4701858,486.5754487526256,-73.32483755132913
1422756680.6412513,488.63860750637684,-73.40617831448922
1422766455.8123167,490.70176626007776,-73.47501106373778
1422776230.9833822,492.764925013829,-73.33032554016654
1422786006.1544478,494.8280837675802,-73.40171737218193
1422795781.3255131,496.8912425212811,-73.22916348984886
1422805556.4965787,498.9544012750323,-73.2542450991755
1422815331.6676443,501.0175600287835,-73.35285499248128
1422825106.8387096,503.08071878248444,-73.26875715325323
1422834882.0097752,505.1438775362356,-73.27808522708793
1422844657.1808407,507.2070362899869,-73.31136380369614
1422854432.351906,509.2701950436878,-73.26955771315902
1422864207.5229716,511.333353797439,-73.25011749260548
1422873982.6940372,513.3965125511903,-73.1940344908543
1422883757.8651025,515.4596713048912,-73.1528136870641
1422893533.036168,517.5228300586424,-73.11360538220947
1422903308.2072337,519.5859888123937,-73.04048095617192
1422913083.3782992,521.6491475661448,-73.16852311877406
1422922858.5493646,523.7123063198458,-73.15547859258689
1422932633.7204301,525.7754650735969,-73.18214654627755
1422942408.8914957,527.8386238273482,-73.1907005595282
1422952184.062561,529.9017825810491,-73.12553501384453
1422961959.2336266,531.9649413348003,-73.04896991892555
1422971734.4046922,534.0281000885516,-73.10338205362596
1422981509.5757575,536.0912588422524,-72.98564739786303
1422991284.746823,538.1544175960037,-72.9645378002117
1423001059.9178886,540.2175763497548,-72.96336613860598
1423010835.088954,542.2807351034558,-73.09040817362445
1423020610.2600195,544.343893857207,-72.88454701054873
1423030385.431085,546.4070526109582,-73.0067919439385
1423040160.6021504,548.4702113646591,-73.16176852592562
1423049935.773216,550.5333701184103,-73.20775907423041
1423059710.9442816,552.5965288721616,-73.33467232633994
1423069486.115347,554.6596876258625,-73.16387179243398
1423079261.2864125,556.7228463796137,-73.24943219604792
1423089036.457478,558.7860051333649,-73.16562443369537
1423098811.6285436,560.8491638871161,-73.24628028767032
1423108586.799609,562.912322640817,-73.20679606141836
1423118361.9706745,564.9754813945683,-73.19647114996475
1423128137.14174,567.0386401483195,-73.32818138807247
1423137912.3128054,569.1017989020204,-73.30612329515125
1423147687.483871,571.1649576557716,-73.36321490316413
1423157462.6549366,573.2281164095228,-73.35139151879444
1423167237.826002,575.2912751632238,-73.26300384281973
1423177012.9970675,577.3544339169749,-73.4608637163198
1423186788.168133,579.4175926707262,-73.10407816056781
1423196563.3391984,581.4807514244271,-73.320156151406
1423206338.510264,583.5439101781783,-73.4101013175839
1423216113.6813295,585.6070689319295,-73.41229038128097
1423225888.8523948,587.6702276856305,-73.46480623402533
1423235664.0234604,589.7333864393815,-73.43610772563278
1423245439.194526,591.7965451931328,-73.41977709934432
1423255214.3655913,593.8597039468337,-73.30686226394896
1423264989.5366569,595.9228627005849,-73.51360430351471
1423274764.7077224,597.9860214543362,-73.4332309408614
1423284539.878788,600.0491802080875,-73.3465580096704
1423294315.0498533,602.1123389617884,-73.39633086477494
1423304090.220919,604.1754977155394,-73.42364896077098
1423313865.3919845,606.2386564692907,-73.49152096399257
1423323640.5630498,608.3018152229916,-73.47493414692701
1423333415.7341154,610.3649739767428,-73.51748635642231
1423343190.905181,612.4281327304941,-73.5412021773871
1423352966.0762463,614.491291484195,-73.56943199535968
1423362741.2473118,616.5544502379462,-73.48529726346177
1423372516.4183774,618.6176089916975,-73.25436294531792
1423382291.5894427,620.6807677453984,-73.48013177636
1423392066.7605083,622.7439264991497,-73.44423245074502
1423401841.9315739,624.8070852529007,-73.50068034258348
1423411617.1026392,626.8702440066018,-72.207846899452
1423421392.2737048,628.9334027603529,-73.37841635791258
1423431167.4447703,630.9965615141041,-73.49004649580121
1423440942.6158357,633.059720267805,-73.50610516259212
1423450717.7869012,635.1228790215563,-73.44051807041753
1423460492.9579668,637.1860377753075,-73.57366860730633
1423470268.1290324,639.2491965290586,-73.43130970603451
1423480043.3000977,641.3123552827597,-73.5543868940121
1423489818.4711633,643.3755140365108,-73.58681827815053
1423499593.6422288,645.438672790262,-73.55541378722222
1423509368.8132942,647.5018315439629,-73.5563636031909
1423519143.9843597,649.5649902977142,-73.51362052894531
1423528919.1554253,651.6281490514654,-73.50524953666881
1423538694.3264906,653.6913078051663,-73.5114183757038
1423548469.4975562,655.7544665589176,-73.51050546716571
1423558244.6686218,657.8176253126688,-73.46518877266475
1423568019.839687,659.8807840663696,-73.55899987586339
1423577795.0107527,661.9439428201208,-73.54795510256349
1423587570.1818182,664.0071015738721,-73.56095946451259
1423597345.3528836,666.0702603275729,-73.4288025905927
1423607120.5239491,668.1334190813242,-73.44067434362087
1423616895.6950147,670.1965778350755,-73.45035633475176
1423626670.86608,672.2597365887763,-73.47029382075578
1423636446.0371456,674.3228953425275,-73.53697257050956
1423646221.2082112,676.3860540962788,-73.62739232075296
1423655996.3792768,678.44921285003,-73.56486771701307
1423665771.550342,680.5123716037309,-73.46130501900097
1423675546.7214077,682.5755303574821,-73.56028206206207
1423685321.8924732,684.6386891112334,-73.5739250338837
1423695097.0635386,686.7018478649342,-73.50439017375817
1423704872.2346041,688.7650066186854,-73.4654206906216
1423714647.4056697,690.8281653724367,-73.66726360870032
1423724422.576735,692.8913241261375,-73.66495306508776
1423734197.7478006,694.9544828798888,-73.4499722597109
1423743972.9188662,697.01764163364,-73.37814571466903
1423753748.0899315,699.080800387341,-73.49313967314548
1423763523.260997,701.1439591410921,-73.45610724150188
1423773298.4320626,703.2071178948433,-73.57688690049257
1423783073.603128,705.2702766485443,-73.59902238189795
1423792848.7741935,707.3334354022954,-73.58992520363304
1423802623.945259,709.3965941560467,-73.5578757319891
1423812399.1163244,711.4597529097476,-73.48788362281064
1423822174.28739,713.5229116634988,-73.43235779059123
1423831949.4584556,715.58607041725,-73.42209430007019
1423841724.6295211,717.6492291710013,-73.20387515129363
1423851499.8005865,719.7123879247022,-73.42618791590488
1423861274.971652,721.7755466784533,-73.48960666316474
1423871050.1427176,723.8387054322046,-73.49223516943167
1423880825.313783,725.9018641859055,-73.49278352491675
1423890600.4848485,727.9650229396567,-73.51474977424475
1423900375.655914,730.028181693408,-73.42910064172821
1423910150.8269794,732.0913404471089,-73.49693781308876
1423919925.998045,734.15449920086,-73.52230951026357
1423929701.1691105,736.2176579546112,-73.43640648390506
1423939476.3401759,738.2808167083123,-73.17743389630925
1423949251.5112414,740.3439754620634,-73.28002702592288
1423959026.682307,742.4071342158146,-73.30911909619692
1423968801.8533723,744.4702929695155,-73.48548837634442
1423978577.024438,746.5334517232668,-73.26580418113018
1423988352.1955035,748.596610477018,-73.37975597458565
1423998127.3665688,750.6597692307189,-73.35818710826392
1424007902.5376344,752.7229279844702,-73.21113701020019
1424017677.7087,754.7860867382213,-73.19326520378384
1424027452.8797655,756.8492454919725,-71.831097365424
1424037228.0508308,758.9124042456734,-73.22693409433748
1424047003.2218964,760.9755629994247,-73.32730855187998
1424056778.392962,763.0387217531759,-73.2723741734833
1424066553.5640273,765.1018805068768,-73.33199386072143
1424076328.7350929,767.1650392606281,-73.25098994488204
1424086103.9061584,769.2281980143791,-73.38914050949005
1424095879.0772238,771.2913567680802,-73.29079520894234
1424105654.2482893,773.3545155218313,-73.23412783911202
1424115429.419355,775.4176742755826,-73.24315424465391
1424125204.5904202,777.4808330292834,-73.16468716655518
1424134979.7614858,779.5439917830347,-73.20574237176012
1424144754.9325514,781.607150536786,-73.17739089446859
1424154530.1036167,783.6703092904868,-73.20540641256505
1424164305.2746823,785.7334680442381,-73.16889233489081
1424174080.4457479,787.7966267979893,-73.20421448038924
1424183855.6168132,789.8597855516902,-73.18419750811601
1424193630.7878788,791.9229443054413,-73.21910040477914
1424203405.9589443,793.9861030591926,-73.22869343524448
1424213181.13001,796.0492618129439,-73.1584879988209
1424222956.3010752,798.1124205666447,-73.14067147087344
1424232731.4721408,800.175579320396,-73.21070185190449
1424242506.6432064,802.2387380741472,-73.20761032223405
1424252281.8142717,804.301896827848,-73.2029020311385
1424262056.9853373,806.3650555815993,-73.15648399781333
1424271832.1564028,808.4282143353505,-73.14015804684603
1424281607.3274682,810.4913730890514,-73.07345776093568
1424291382.4985337,812.5545318428026,-73.15266874557966
1424301157.6695993,814.6176905965539,-73.05642446523815
1424310932.8406646,816.6808493502548,-73.13660735670229
1424320708.0117302,818.744008104006,-73.21902348962742
1424330483.1827958,820.8071668577572,-73.08086331458898
1424340258.353861,822.8703256114582,-72.98485613459127
1424350033.5249267,824.9334843652093,-73.10961348081987
1424359808.6959922,826.9966431189605,-73.0425663333339
1424369583.8670576,829.0598018726615,-72.96557797737233
1424379359.0381231,831.1229606264126,-72.96729066841435
1424389134.2091887,833.1861193801639,-73.06022066338153
1424398909.3802543,835.2492781339151,-72.97941085541191
1424408684.5513196,837.3124368876161,-72.74717373814232
1424418459.7223852,839.3755956413672,-72.93267448468065
1424428234.8934507,841.4387543951185,-72.94966813067853
1424438010.064516,843.5019131488194,-73.006593171888
1424447785.2355816,845.5650719025705,-72.8794680888571
1424457560.4066472,847.6282306563218,-72.8692308972931
1424467335.5777125,849.6913894100228,-72.9150422882782
1424477110.748778,851.754548163774,-72.92450968379168
1424486885.9198437,853.8177069175251,-73.04368125080133
1424496661.090909,855.880865671226,-72.61084945686905
1424506436.2619746,857.9440244249773,-72.81920475992338
1424516211.4330401,860.0071831787285,-72.85802695897925
1424525986.6041055,862.0703419324294,-72.78579984002185
1424535761.775171,864.1335006861807,-72.86283768771527
1424545536.9462366,866.1966594399318,-72.92966677317929
1424555312.117302,868.2598181936328,-72.89092156654507
1424565087.2883675,870.322976947384,-72.77655181277869
1424574862.459433,872.3861357011352,-72.96151974388594
1424584637.6304986,874.4492944548864,-72.86141792206216
1424594412.801564,876.5124532085873,-72.57324444858878
1424604187.9726295,878.5756119623386,-72.79895111797725
1424613963.143695,880.6387707160897,-72.7878181059357
1424623738.3147604,882.7019294697907,-72.76924190474449
1424633513.485826,884.7650882235419,-72.78971754223267
1424643288.6568916,886.828246977293,-72.8224676831873
1424653063.827957,888.8914057309939,-72.51595703998679
1424662838.9990225,890.9545644847452,-72.79075114691156
1424672614.170088,893.0177232384965,-72.7501301381962
1424682389.3411534,895.0808819921973,-72.62506782619514
1424692164.512219,897.1440407459486,-72.53332591632372
1424701939.6832845,899.2071994996999,-72.72450773678067
1424711714.8543499,901.2703582534007,-72.73420819021514
1424721490.0254154,903.3335170071518,-72.62619379024186
1424731265.196481,905.3966757609031,-72.65141911662394
1424741040.3675463,907.4598345146039,-72.72320041841536
1424750815.538612,909.5229932683552,-72.59191226200693
1424760590.7096775,911.5861520221065,-72.5536706450831
1424770365.880743,913.6493107758578,-72.52818043245027
1424780141.0518084,915.7124695295586,-72.62792237927479
1424789916.222874,917.7756282833099,-72.66166702452298
1424799691.3939395,919.838787037061,-72.5633318731197
1424809466.5650048,921.9019457907619,-72.51579648030014
1424819241.7360704,923.9651045445131,-72.6752172926851
1424829016.907136,926.0282632982644,-72.53157865967762
1424838792.0782013,928.0914220519652,-72.46985042070102
1424848567.2492669,930.1545808057165,-72.39451986543715
1424858342.4203324,932.2177395594678,-72.42714390110214
1424868117.5913978,934.2808983131687,-72.47579897274191
1424877892.7624633,936.3440570669198,-72.46879436460905
1424887667.933529,938.407215820671,-72.3796361923594
1424897443.1045942,940.470374574372,-72.21379798871978
1424907218.2756598,942.5335333281231,-72.37035402491018
1424916993.4467254,944.5966920818744,-72.38043911344495
1424926768.6177907,946.6598508355753,-72.42848968528894
1424936543.7888563,948.7230095893266,-72.29957222419824
1424946318.9599218,950.7861683430777,-72.34772881474075
1424956094.1309874,952.849327096829,-72.3646569984586
1424965869.3020527,954.91248585053,-72.3467614026353
1424975644.4731183,956.975644604281,-72.36470022104386
1424985419.6441839,959.0388033580323,-72.09319146502148
1424995194.8152492,961.1019621117332,-71.92478810632606
1425004969.9863148,963.1651208654844,-72.07320489525915
1425014745.1573803,965.2282796192356,-71.8858686703875
1425024520.3284457,967.2914383729366,-72.08194850574577
1425034295.4995112,969.3545971266878,-72.21849372123367
1425044070.6705768,971.417755880439,-72.23173592978713
1425053845.8416421,973.4809146341399,-72.25209029009201
1425063621.0127077,975.5440733878912,-72.21659458385851
1425073396.1837733,977.6072321416423,-72.31467546782373
1425083171.3548386,979.6703908953433,-72.19229286942775
1425092946.5259042,981.7335496490945,-72.30577911323945
1425102721.6969697,983.7967084028456,-72.30522842486796
1425112496.868035,985.8598671565466,-72.39179969409554
1425122272.0391006,987.9230259102978,-72.26671465185154
1425132047.2101662,989.9861846640491,-72.21070377639327
1425141822.3812318,992.0493434178002,-72.25853585975364
1425151597.552297,994.1125021715012,-72.13526112315124
1425161372.7233627,996.1756609252524,-72.23471015644984
1425171147.8944283,998.2388196790035,-72.25662069333704
1425180923.0654936,1000.3019784327045,-72.28487659246377
1425190698.2365592,1002.3651371864557,-72.22640948824458
1425200473.4076247,1004.428295940207,-72.25269865976065
1425210248.57869,1006.4914546939078,-72.2138126322501
1425220023.7497556,1008.5546134476591,-72.11643265764468
1425229798.9208212,1010.6177722014104,-72.14101024455249
1425239574.0918865,1012.6809309551112,-72.18225895730245
1425249349.262952,1014.7440897088624,-72.08648016271444
1425259124.4340177,1016.8072484626138,-72.16826073244488
1425268899.605083,1018.8704072163144,-72.13462582773877
1425278674.7761486,1020.9335659700658,-72.06120189036326
1425288449.9472141,1022.996724723817,-72.16808040526801
1425298225.1182795,1025.0598834775178,-72.17424549605406
1425308000.289345,1027.123042231269,-72.03993773461596
1425317775.4604106,1029.1862009850202,-72.06316198356194
1425327550.6314762,1031.2493597387715,-72.06491066299279
1425337325.8025415,1033.3125184924722,-71.9642455208458
1425347100.973607,1035.3756772462236,-71.83892593100201
1425356876.1446726,1037.4388359999748,-72.06142353071505
1425366651.315738,1039.5019947536757,-71.97071151068361
1425376426.4868035,1041.5651535074269,-72.00923383395852
1425386201.657869,1043.628312261178,-71.98262578107388
1425395976.8289344,1045.691471014879,-71.89369641222459
1425405752.0,1047.7546297686301,-71.87385251974914
